样本编号,标签,数据划分,电路板子集,rgb_r_mean,rgb_r_std,rgb_r_skewness,rgb_r_kurtosis,rgb_g_mean,rgb_g_std,rgb_g_skewness,rgb_g_kurtosis,rgb_b_mean,rgb_b_std,rgb_b_skewness,rgb_b_kurtosis,hsv_h_mean,hsv_h_std,hsv_h_skewness,hsv_h_kurtosis,hsv_s_mean,hsv_s_std,hsv_s_skewness,hsv_s_kurtosis
1,normal,test,pcb1,0.479876756668091,0.170220747590065,1.50396752357483,5.55015468597412,0.505288362503052,0.16566975414753,1.50298237800598,4.95396518707275,0.510436952114105,0.172865405678749,1.34021830558777,4.38669061660767,0.352271497249603,0.244706571102142,-0.00855535455048084,1.69564437866211,0.0747380033135414,0.153346076607704,2.99452781677246,11.1222639083862
2,normal,test,pcb3,0.187944233417511,0.159060537815094,3.23830962181091,13.2708253860474,0.454879581928253,0.113385781645775,0.219588190317154,8.58567905426025,0.279007136821747,0.174847319722176,2.48311066627502,8.57079315185547,0.394079327583313,0.13000513613224,1.20612192153931,9.54628276824951,0.626870691776276,0.183534756302834,-2.112060546875,6.4205470085144
3,normal,train,pcb4,0.197509825229645,0.18328869342804,2.39079546928406,7.86058330535889,0.214209705591202,0.176742017269135,2.23850774765015,7.36325550079346,0.22588238120079,0.191818252205849,1.65757131576538,4.79173612594604,0.21371154487133,0.181620970368385,1.78244566917419,4.91694068908691,0.175762221217155,0.231627315282822,2.36156320571899,7.10872650146484
4,normal,val,pcb3,0.198287963867188,0.162797302007675,3.12013220787048,12.6950407028198,0.458729118108749,0.120084799826145,0.230943515896797,7.60734081268311,0.292310655117035,0.18051515519619,2.31975769996643,7.84682703018188,0.396087765693665,0.130731821060181,1.12589657306671,8.97125244140625,0.611176490783691,0.182934075593948,-1.9532299041748,6.0685887336731
5,normal,val,pcb4,0.182625740766525,0.180397137999535,2.41301918029785,7.94466304779053,0.201667636632919,0.174500226974487,2.17349791526794,7.07444286346436,0.214418604969978,0.191648215055466,1.57851254940033,4.41234397888184,0.219607993960381,0.191433310508728,1.76933920383453,5.03937578201294,0.183826178312302,0.240324884653091,2.30930233001709,6.80989217758179
