ModelName,PCADim,Gamma,Threshold,accuracy,precision,recall,specificity,fpr,fnr,f1,iou,balancedAccuracy,auc,tp,fp,tn,fn
RegularizedGaussianLDA,80,0.1,0.75,0.913897280966767,0.518987341772152,0.683333333333333,0.93687707641196,0.0631229235880399,0.316666666666667,0.589928057553957,0.418367346938776,0.810105204872647,0.899916943521595,41,38,564,19
