ModelName,PCADim,Gamma,Threshold,accuracy,precision,recall,specificity,fpr,fnr,f1,iou,balancedAccuracy,auc,tp,fp,tn,fn
RegularizedGaussianLDA,80,0.1,0.75,0.918429003021148,0.551724137931034,0.533333333333333,0.956810631229236,0.0431893687707641,0.466666666666667,0.542372881355932,0.372093023255814,0.745071982281285,0.898615725359912,32,26,576,28
